"Target.Color","Target.stim","Condition","Outer.Color","C1","C2","C3","C4","C5","C6","Congruency","random"
"Blue","1,0,254","Low.3","Purple","72,0,183","70,0,185","67,0,188","65,0,190","63,0,192","58,0,197","incongruent",1
"Purple","65,0,190","Low.6","Blue","29,0,226","27,0,228","24,0,231","22,0,233","20,0,235","15,0,240","incongruent",2
"Purple","75,0,180","Low.5","Blue","43,0,212","41,0,214","38,0,217","36,0,219","34,0,221","29,0,226","incongruent",3
"Blue","20,0,235","Mid.1","Purple","100,0,155","97,0,158","93,0,162","90,0,165","87,0,168","80,0,175","incongruent",4
"Purple","90,0,165","Low.1","Purple","100,0,155","98,0,157","95,0,160","93,0,162","91,0,164","86,0,169","congruent",5
"Purple","90,0,165","Low.1","Purple","100,0,155","98,0,157","95,0,160","93,0,162","91,0,164","86,0,169","congruent",6
"Blue","20,0,235","Low.6","Blue","29,0,226","27,0,228","24,0,231","22,0,233","20,0,235","15,0,240","congruent",7
"Blue","50,0,205","Mid.5","Blue","21,0,234","18,0,237","14,0,241","11,0,244","8,0,247","1,0,254","congruent",8
"Blue","50,0,205","Low.1","Purple","100,0,155","98,0,157","95,0,160","93,0,162","91,0,164","86,0,169","incongruent",9
"Purple","65,0,190","Low.3","Purple","72,0,183","70,0,185","67,0,188","65,0,190","63,0,192","58,0,197","congruent",10
"Blue","25,0,230","High.1","Mixed","100,0,155","92,0,163","83,0,172","75,0,180","67,0,188","51,0,204","mixed",11
"Purple","70,0,185","Mid.5","Blue","21,0,234","18,0,237","14,0,241","11,0,244","8,0,247","1,0,254","incongruent",12
"Blue","1,0,254","Mid.2","Purple","80,0,175","77,0,178","73,0,182","70,0,185","67,0,188","60,0,195","incongruent",13
"Purple","60,0,195","Mid.3","Mixed","60,0,195","57,0,198","54,0,201","51,0,204","47,0,208","41,0,214","mixed",14
"Purple","70,0,185","Low.7","Blue","15,0,240","13,0,242","10,0,245","8,0,247","6,0,249","1,0,254","incongruent",15
"Blue","45,0,210","Low.1","Purple","100,0,155","98,0,157","95,0,160","93,0,162","91,0,164","86,0,169","incongruent",16
"Purple","70,0,185","Low.7","Blue","15,0,240","13,0,242","10,0,245","8,0,247","6,0,249","1,0,254","incongruent",17
"Purple","70,0,185","Mid.5","Blue","21,0,234","18,0,237","14,0,241","11,0,244","8,0,247","1,0,254","incongruent",18
"Purple","60,0,195","Mid.3","Mixed","60,0,195","57,0,198","54,0,201","51,0,204","47,0,208","41,0,214","mixed",19
"Purple","80,0,175","High.2","Mixed","75,0,180","67,0,188","59,0,196","51,0,204","42,0,213","26,0,229","mixed",20
"Blue","45,0,210","Low.3","Purple","72,0,183","70,0,185","67,0,188","65,0,190","63,0,192","58,0,197","incongruent",21
"Blue","1,0,254","Low.6","Blue","29,0,226","27,0,228","24,0,231","22,0,233","20,0,235","15,0,240","congruent",22
"Purple","60,0,195","Low.2","Purple","86,0,169","84,0,171","81,0,174","79,0,176","77,0,178","72,0,183","congruent",23
"Blue","1,0,254","High.1","Mixed","100,0,155","92,0,163","83,0,172","75,0,180","67,0,188","51,0,204","mixed",24
"Purple","95,0,160","Mid.5","Blue","21,0,234","18,0,237","14,0,241","11,0,244","8,0,247","1,0,254","incongruent",25
"Purple","90,0,165","Mid.4","Blue","41,0,214","38,0,217","34,0,221","31,0,224","28,0,227","21,0,234","incongruent",26
"Blue","30,0,225","High.2","Mixed","75,0,180","67,0,188","59,0,196","51,0,204","42,0,213","26,0,229","mixed",27
"Purple","55,0,200","Low.1","Purple","100,0,155","98,0,157","95,0,160","93,0,162","91,0,164","86,0,169","congruent",28
"Blue","5,0,250","Low.1","Purple","100,0,155","98,0,157","95,0,160","93,0,162","91,0,164","86,0,169","incongruent",29
"Blue","1,0,254","Low.4","Mixed","58,0,197","55,0,200","53,0,202","51,0,204","48,0,207","43,0,212","mixed",30
"Blue","1,0,254","Low.4","Mixed","58,0,197","55,0,200","53,0,202","51,0,204","48,0,207","43,0,212","mixed",31
"Purple","80,0,175","Low.6","Blue","29,0,226","27,0,228","24,0,231","22,0,233","20,0,235","15,0,240","incongruent",32
"Blue","30,0,225","High.3","Mixed","51,0,204","42,0,213","34,0,221","26,0,229","17,0,238","1,0,254","mixed",33
"Blue","40,0,215","Mid.3","Mixed","60,0,195","57,0,198","54,0,201","51,0,204","47,0,208","41,0,214","mixed",34
"Purple","65,0,190","Mid.4","Blue","41,0,214","38,0,217","34,0,221","31,0,224","28,0,227","21,0,234","incongruent",35
"Purple","75,0,180","Low.5","Blue","43,0,212","41,0,214","38,0,217","36,0,219","34,0,221","29,0,226","incongruent",36
"Purple","95,0,160","High.2","Mixed","75,0,180","67,0,188","59,0,196","51,0,204","42,0,213","26,0,229","mixed",37
"Purple","70,0,185","Mid.5","Blue","21,0,234","18,0,237","14,0,241","11,0,244","8,0,247","1,0,254","incongruent",38
"Purple","65,0,190","Mid.4","Blue","41,0,214","38,0,217","34,0,221","31,0,224","28,0,227","21,0,234","incongruent",39
"Blue","15,0,240","Mid.4","Blue","41,0,214","38,0,217","34,0,221","31,0,224","28,0,227","21,0,234","congruent",40
"Purple","100,0,155","High.3","Mixed","51,0,204","42,0,213","34,0,221","26,0,229","17,0,238","1,0,254","mixed",41
"Purple","75,0,180","Mid.1","Purple","100,0,155","97,0,158","93,0,162","90,0,165","87,0,168","80,0,175","congruent",42
"Blue","40,0,215","Low.1","Purple","100,0,155","98,0,157","95,0,160","93,0,162","91,0,164","86,0,169","incongruent",43
"Purple","65,0,190","Low.3","Purple","72,0,183","70,0,185","67,0,188","65,0,190","63,0,192","58,0,197","congruent",44
"Blue","15,0,240","Low.6","Blue","29,0,226","27,0,228","24,0,231","22,0,233","20,0,235","15,0,240","congruent",45
"Purple","80,0,175","Low.6","Blue","29,0,226","27,0,228","24,0,231","22,0,233","20,0,235","15,0,240","incongruent",46
"Purple","55,0,200","Low.1","Purple","100,0,155","98,0,157","95,0,160","93,0,162","91,0,164","86,0,169","congruent",47
"Purple","95,0,160","High.2","Mixed","75,0,180","67,0,188","59,0,196","51,0,204","42,0,213","26,0,229","mixed",48
"Purple","75,0,180","Low.5","Blue","43,0,212","41,0,214","38,0,217","36,0,219","34,0,221","29,0,226","incongruent",49
"Blue","30,0,225","Low.4","Mixed","58,0,197","55,0,200","53,0,202","51,0,204","48,0,207","43,0,212","mixed",50
"Purple","75,0,180","Mid.1","Purple","100,0,155","97,0,158","93,0,162","90,0,165","87,0,168","80,0,175","congruent",51
"Purple","85,0,170","Low.7","Blue","15,0,240","13,0,242","10,0,245","8,0,247","6,0,249","1,0,254","incongruent",52
"Purple","55,0,200","Low.1","Purple","100,0,155","98,0,157","95,0,160","93,0,162","91,0,164","86,0,169","congruent",53
"Blue","10,0,245","High.1","Mixed","100,0,155","92,0,163","83,0,172","75,0,180","67,0,188","51,0,204","mixed",54
"Purple","75,0,180","Mid.1","Purple","100,0,155","97,0,158","93,0,162","90,0,165","87,0,168","80,0,175","congruent",55
"Purple","70,0,185","Low.4","Mixed","58,0,197","55,0,200","53,0,202","51,0,204","48,0,207","43,0,212","mixed",56
"Blue","20,0,235","Mid.2","Purple","80,0,175","77,0,178","73,0,182","70,0,185","67,0,188","60,0,195","incongruent",57
"Blue","5,0,250","High.1","Mixed","100,0,155","92,0,163","83,0,172","75,0,180","67,0,188","51,0,204","mixed",58
"Blue","5,0,250","Mid.1","Purple","100,0,155","97,0,158","93,0,162","90,0,165","87,0,168","80,0,175","incongruent",59
"Blue","45,0,210","Mid.1","Purple","100,0,155","97,0,158","93,0,162","90,0,165","87,0,168","80,0,175","incongruent",60
"Blue","30,0,225","Mid.3","Mixed","60,0,195","57,0,198","54,0,201","51,0,204","47,0,208","41,0,214","mixed",61
"Purple","60,0,195","Low.5","Blue","43,0,212","41,0,214","38,0,217","36,0,219","34,0,221","29,0,226","incongruent",62
"Purple","90,0,165","Mid.4","Blue","41,0,214","38,0,217","34,0,221","31,0,224","28,0,227","21,0,234","incongruent",63
"Blue","10,0,245","Low.2","Purple","86,0,169","84,0,171","81,0,174","79,0,176","77,0,178","72,0,183","incongruent",64
"Blue","30,0,225","Low.7","Blue","15,0,240","13,0,242","10,0,245","8,0,247","6,0,249","1,0,254","congruent",65
"Purple","85,0,170","Low.7","Blue","15,0,240","13,0,242","10,0,245","8,0,247","6,0,249","1,0,254","incongruent",66
"Blue","50,0,205","Mid.4","Blue","41,0,214","38,0,217","34,0,221","31,0,224","28,0,227","21,0,234","congruent",67
"Purple","60,0,195","Low.5","Blue","43,0,212","41,0,214","38,0,217","36,0,219","34,0,221","29,0,226","incongruent",68
"Purple","80,0,175","High.2","Mixed","75,0,180","67,0,188","59,0,196","51,0,204","42,0,213","26,0,229","mixed",69
"Purple","100,0,155","Low.3","Purple","72,0,183","70,0,185","67,0,188","65,0,190","63,0,192","58,0,197","congruent",70
"Purple","70,0,185","Low.7","Blue","15,0,240","13,0,242","10,0,245","8,0,247","6,0,249","1,0,254","incongruent",71
"Purple","75,0,180","High.1","Mixed","100,0,155","92,0,163","83,0,172","75,0,180","67,0,188","51,0,204","mixed",72
"Blue","50,0,205","Low.2","Purple","86,0,169","84,0,171","81,0,174","79,0,176","77,0,178","72,0,183","incongruent",73
"Purple","65,0,190","Low.6","Blue","29,0,226","27,0,228","24,0,231","22,0,233","20,0,235","15,0,240","incongruent",74
"Purple","95,0,160","High.2","Mixed","75,0,180","67,0,188","59,0,196","51,0,204","42,0,213","26,0,229","mixed",75
"Blue","45,0,210","High.1","Mixed","100,0,155","92,0,163","83,0,172","75,0,180","67,0,188","51,0,204","mixed",76
"Purple","95,0,160","Low.2","Purple","86,0,169","84,0,171","81,0,174","79,0,176","77,0,178","72,0,183","congruent",77
"Purple","60,0,195","Low.5","Blue","43,0,212","41,0,214","38,0,217","36,0,219","34,0,221","29,0,226","incongruent",78
"Purple","75,0,180","Mid.1","Purple","100,0,155","97,0,158","93,0,162","90,0,165","87,0,168","80,0,175","congruent",79
"Blue","1,0,254","Mid.1","Purple","100,0,155","97,0,158","93,0,162","90,0,165","87,0,168","80,0,175","incongruent",80
"Blue","50,0,205","Mid.3","Mixed","60,0,195","57,0,198","54,0,201","51,0,204","47,0,208","41,0,214","mixed",81
"Blue","30,0,225","Low.3","Purple","72,0,183","70,0,185","67,0,188","65,0,190","63,0,192","58,0,197","incongruent",82
"Purple","70,0,185","Mid.5","Blue","21,0,234","18,0,237","14,0,241","11,0,244","8,0,247","1,0,254","incongruent",83
"Blue","50,0,205","High.1","Mixed","100,0,155","92,0,163","83,0,172","75,0,180","67,0,188","51,0,204","mixed",84
"Purple","60,0,195","Low.2","Purple","86,0,169","84,0,171","81,0,174","79,0,176","77,0,178","72,0,183","congruent",85
"Purple","100,0,155","High.3","Mixed","51,0,204","42,0,213","34,0,221","26,0,229","17,0,238","1,0,254","mixed",86
"Purple","90,0,165","Mid.4","Blue","41,0,214","38,0,217","34,0,221","31,0,224","28,0,227","21,0,234","incongruent",87
"Purple","60,0,195","Low.5","Blue","43,0,212","41,0,214","38,0,217","36,0,219","34,0,221","29,0,226","incongruent",88
"Purple","85,0,170","Low.7","Blue","15,0,240","13,0,242","10,0,245","8,0,247","6,0,249","1,0,254","incongruent",89
"Purple","90,0,165","High.1","Mixed","100,0,155","92,0,163","83,0,172","75,0,180","67,0,188","51,0,204","mixed",90
"Blue","35,0,220","Mid.3","Mixed","60,0,195","57,0,198","54,0,201","51,0,204","47,0,208","41,0,214","mixed",91
"Blue","5,0,250","Mid.4","Blue","41,0,214","38,0,217","34,0,221","31,0,224","28,0,227","21,0,234","congruent",92
"Blue","15,0,240","Low.4","Mixed","58,0,197","55,0,200","53,0,202","51,0,204","48,0,207","43,0,212","mixed",93
"Purple","80,0,175","Mid.2","Purple","80,0,175","77,0,178","73,0,182","70,0,185","67,0,188","60,0,195","congruent",94
"Blue","15,0,240","Mid.2","Purple","80,0,175","77,0,178","73,0,182","70,0,185","67,0,188","60,0,195","incongruent",95
"Blue","1,0,254","Low.5","Blue","43,0,212","41,0,214","38,0,217","36,0,219","34,0,221","29,0,226","congruent",96
"Purple","70,0,185","Low.4","Mixed","58,0,197","55,0,200","53,0,202","51,0,204","48,0,207","43,0,212","mixed",97
"Blue","45,0,210","Mid.1","Purple","100,0,155","97,0,158","93,0,162","90,0,165","87,0,168","80,0,175","incongruent",98
"Blue","20,0,235","Low.5","Blue","43,0,212","41,0,214","38,0,217","36,0,219","34,0,221","29,0,226","congruent",99
"Blue","40,0,215","Mid.2","Purple","80,0,175","77,0,178","73,0,182","70,0,185","67,0,188","60,0,195","incongruent",100
"Blue","20,0,235","High.3","Mixed","51,0,204","42,0,213","34,0,221","26,0,229","17,0,238","1,0,254","mixed",101
"Blue","35,0,220","High.1","Mixed","100,0,155","92,0,163","83,0,172","75,0,180","67,0,188","51,0,204","mixed",102
"Blue","20,0,235","Mid.4","Blue","41,0,214","38,0,217","34,0,221","31,0,224","28,0,227","21,0,234","congruent",103
"Blue","20,0,235","Low.2","Purple","86,0,169","84,0,171","81,0,174","79,0,176","77,0,178","72,0,183","incongruent",104
"Purple","60,0,195","Low.5","Blue","43,0,212","41,0,214","38,0,217","36,0,219","34,0,221","29,0,226","incongruent",105
"Blue","15,0,240","Mid.3","Mixed","60,0,195","57,0,198","54,0,201","51,0,204","47,0,208","41,0,214","mixed",106
"Blue","15,0,240","Low.1","Purple","100,0,155","98,0,157","95,0,160","93,0,162","91,0,164","86,0,169","incongruent",107
"Blue","35,0,220","Low.5","Blue","43,0,212","41,0,214","38,0,217","36,0,219","34,0,221","29,0,226","congruent",108
"Purple","60,0,195","Low.2","Purple","86,0,169","84,0,171","81,0,174","79,0,176","77,0,178","72,0,183","congruent",109
"Purple","65,0,190","Low.3","Purple","72,0,183","70,0,185","67,0,188","65,0,190","63,0,192","58,0,197","congruent",110
"Purple","65,0,190","Low.3","Purple","72,0,183","70,0,185","67,0,188","65,0,190","63,0,192","58,0,197","congruent",111
"Purple","85,0,170","Mid.3","Mixed","60,0,195","57,0,198","54,0,201","51,0,204","47,0,208","41,0,214","mixed",112
"Purple","60,0,195","Low.5","Blue","43,0,212","41,0,214","38,0,217","36,0,219","34,0,221","29,0,226","incongruent",113
"Purple","100,0,155","Low.3","Purple","72,0,183","70,0,185","67,0,188","65,0,190","63,0,192","58,0,197","congruent",114
"Blue","50,0,205","Mid.4","Blue","41,0,214","38,0,217","34,0,221","31,0,224","28,0,227","21,0,234","congruent",115
"Purple","55,0,200","Low.1","Purple","100,0,155","98,0,157","95,0,160","93,0,162","91,0,164","86,0,169","congruent",116
"Blue","10,0,245","High.2","Mixed","75,0,180","67,0,188","59,0,196","51,0,204","42,0,213","26,0,229","mixed",117
"Purple","90,0,165","Low.1","Purple","100,0,155","98,0,157","95,0,160","93,0,162","91,0,164","86,0,169","congruent",118
"Blue","30,0,225","Mid.1","Purple","100,0,155","97,0,158","93,0,162","90,0,165","87,0,168","80,0,175","incongruent",119
"Purple","85,0,170","High.3","Mixed","51,0,204","42,0,213","34,0,221","26,0,229","17,0,238","1,0,254","mixed",120
"Blue","30,0,225","High.2","Mixed","75,0,180","67,0,188","59,0,196","51,0,204","42,0,213","26,0,229","mixed",121
"Purple","55,0,200","Mid.2","Purple","80,0,175","77,0,178","73,0,182","70,0,185","67,0,188","60,0,195","congruent",122
"Purple","65,0,190","Mid.4","Blue","41,0,214","38,0,217","34,0,221","31,0,224","28,0,227","21,0,234","incongruent",123
"Purple","90,0,165","High.1","Mixed","100,0,155","92,0,163","83,0,172","75,0,180","67,0,188","51,0,204","mixed",124
"Purple","100,0,155","Mid.1","Purple","100,0,155","97,0,158","93,0,162","90,0,165","87,0,168","80,0,175","congruent",125
"Purple","90,0,165","High.1","Mixed","100,0,155","92,0,163","83,0,172","75,0,180","67,0,188","51,0,204","mixed",126
"Purple","85,0,170","Mid.3","Mixed","60,0,195","57,0,198","54,0,201","51,0,204","47,0,208","41,0,214","mixed",127
"Blue","5,0,250","Low.7","Blue","15,0,240","13,0,242","10,0,245","8,0,247","6,0,249","1,0,254","congruent",128
"Blue","50,0,205","High.1","Mixed","100,0,155","92,0,163","83,0,172","75,0,180","67,0,188","51,0,204","mixed",129
"Blue","50,0,205","Low.4","Mixed","58,0,197","55,0,200","53,0,202","51,0,204","48,0,207","43,0,212","mixed",130
"Blue","10,0,245","Low.5","Blue","43,0,212","41,0,214","38,0,217","36,0,219","34,0,221","29,0,226","congruent",131
"Blue","25,0,230","Mid.2","Purple","80,0,175","77,0,178","73,0,182","70,0,185","67,0,188","60,0,195","incongruent",132
"Purple","90,0,165","Mid.4","Blue","41,0,214","38,0,217","34,0,221","31,0,224","28,0,227","21,0,234","incongruent",133
"Blue","40,0,215","Mid.3","Mixed","60,0,195","57,0,198","54,0,201","51,0,204","47,0,208","41,0,214","mixed",134
"Blue","10,0,245","High.3","Mixed","51,0,204","42,0,213","34,0,221","26,0,229","17,0,238","1,0,254","mixed",135
"Blue","35,0,220","Mid.4","Blue","41,0,214","38,0,217","34,0,221","31,0,224","28,0,227","21,0,234","congruent",136
"Purple","55,0,200","Mid.2","Purple","80,0,175","77,0,178","73,0,182","70,0,185","67,0,188","60,0,195","congruent",137
"Purple","55,0,200","Mid.2","Purple","80,0,175","77,0,178","73,0,182","70,0,185","67,0,188","60,0,195","congruent",138
"Blue","20,0,235","Mid.3","Mixed","60,0,195","57,0,198","54,0,201","51,0,204","47,0,208","41,0,214","mixed",139
"Purple","60,0,195","Low.2","Purple","86,0,169","84,0,171","81,0,174","79,0,176","77,0,178","72,0,183","congruent",140
"Blue","45,0,210","Low.3","Purple","72,0,183","70,0,185","67,0,188","65,0,190","63,0,192","58,0,197","incongruent",141
"Purple","90,0,165","Mid.4","Blue","41,0,214","38,0,217","34,0,221","31,0,224","28,0,227","21,0,234","incongruent",142
"Blue","30,0,225","Low.5","Blue","43,0,212","41,0,214","38,0,217","36,0,219","34,0,221","29,0,226","congruent",143
"Purple","60,0,195","Low.2","Purple","86,0,169","84,0,171","81,0,174","79,0,176","77,0,178","72,0,183","congruent",144
"Purple","100,0,155","High.3","Mixed","51,0,204","42,0,213","34,0,221","26,0,229","17,0,238","1,0,254","mixed",145
"Purple","55,0,200","Low.4","Mixed","58,0,197","55,0,200","53,0,202","51,0,204","48,0,207","43,0,212","mixed",146
"Blue","1,0,254","Mid.3","Mixed","60,0,195","57,0,198","54,0,201","51,0,204","47,0,208","41,0,214","mixed",147
"Blue","25,0,230","High.1","Mixed","100,0,155","92,0,163","83,0,172","75,0,180","67,0,188","51,0,204","mixed",148
"Purple","80,0,175","Mid.2","Purple","80,0,175","77,0,178","73,0,182","70,0,185","67,0,188","60,0,195","congruent",149
"Purple","80,0,175","Mid.2","Purple","80,0,175","77,0,178","73,0,182","70,0,185","67,0,188","60,0,195","congruent",150
"Blue","35,0,220","Low.1","Purple","100,0,155","98,0,157","95,0,160","93,0,162","91,0,164","86,0,169","incongruent",151
"Purple","80,0,175","High.2","Mixed","75,0,180","67,0,188","59,0,196","51,0,204","42,0,213","26,0,229","mixed",152
"Purple","80,0,175","High.2","Mixed","75,0,180","67,0,188","59,0,196","51,0,204","42,0,213","26,0,229","mixed",153
"Blue","1,0,254","Low.1","Purple","100,0,155","98,0,157","95,0,160","93,0,162","91,0,164","86,0,169","incongruent",154
"Blue","50,0,205","Low.6","Blue","29,0,226","27,0,228","24,0,231","22,0,233","20,0,235","15,0,240","congruent",155
"Blue","15,0,240","Low.5","Blue","43,0,212","41,0,214","38,0,217","36,0,219","34,0,221","29,0,226","congruent",156
"Blue","5,0,250","Low.4","Mixed","58,0,197","55,0,200","53,0,202","51,0,204","48,0,207","43,0,212","mixed",157
"Blue","40,0,215","Low.2","Purple","86,0,169","84,0,171","81,0,174","79,0,176","77,0,178","72,0,183","incongruent",158
"Blue","40,0,215","Low.7","Blue","15,0,240","13,0,242","10,0,245","8,0,247","6,0,249","1,0,254","congruent",159
"Purple","95,0,160","Mid.5","Blue","21,0,234","18,0,237","14,0,241","11,0,244","8,0,247","1,0,254","incongruent",160
"Blue","20,0,235","Low.2","Purple","86,0,169","84,0,171","81,0,174","79,0,176","77,0,178","72,0,183","incongruent",161
"Purple","100,0,155","Mid.1","Purple","100,0,155","97,0,158","93,0,162","90,0,165","87,0,168","80,0,175","congruent",162
"Blue","1,0,254","High.1","Mixed","100,0,155","92,0,163","83,0,172","75,0,180","67,0,188","51,0,204","mixed",163
"Blue","50,0,205","Mid.5","Blue","21,0,234","18,0,237","14,0,241","11,0,244","8,0,247","1,0,254","congruent",164
"Blue","40,0,215","High.3","Mixed","51,0,204","42,0,213","34,0,221","26,0,229","17,0,238","1,0,254","mixed",165
"Blue","15,0,240","Low.7","Blue","15,0,240","13,0,242","10,0,245","8,0,247","6,0,249","1,0,254","congruent",166
"Purple","55,0,200","Low.1","Purple","100,0,155","98,0,157","95,0,160","93,0,162","91,0,164","86,0,169","congruent",167
"Blue","5,0,250","Low.3","Purple","72,0,183","70,0,185","67,0,188","65,0,190","63,0,192","58,0,197","incongruent",168
"Purple","75,0,180","High.1","Mixed","100,0,155","92,0,163","83,0,172","75,0,180","67,0,188","51,0,204","mixed",169
"Blue","35,0,220","High.2","Mixed","75,0,180","67,0,188","59,0,196","51,0,204","42,0,213","26,0,229","mixed",170
"Blue","45,0,210","Low.5","Blue","43,0,212","41,0,214","38,0,217","36,0,219","34,0,221","29,0,226","congruent",171
"Blue","10,0,245","Low.4","Mixed","58,0,197","55,0,200","53,0,202","51,0,204","48,0,207","43,0,212","mixed",172
"Purple","80,0,175","Mid.2","Purple","80,0,175","77,0,178","73,0,182","70,0,185","67,0,188","60,0,195","congruent",173
"Blue","35,0,220","High.1","Mixed","100,0,155","92,0,163","83,0,172","75,0,180","67,0,188","51,0,204","mixed",174
"Purple","100,0,155","High.3","Mixed","51,0,204","42,0,213","34,0,221","26,0,229","17,0,238","1,0,254","mixed",175
"Purple","75,0,180","Low.5","Blue","43,0,212","41,0,214","38,0,217","36,0,219","34,0,221","29,0,226","incongruent",176
"Blue","10,0,245","Low.3","Purple","72,0,183","70,0,185","67,0,188","65,0,190","63,0,192","58,0,197","incongruent",177
"Purple","55,0,200","Mid.2","Purple","80,0,175","77,0,178","73,0,182","70,0,185","67,0,188","60,0,195","congruent",178
"Purple","95,0,160","High.2","Mixed","75,0,180","67,0,188","59,0,196","51,0,204","42,0,213","26,0,229","mixed",179
"Blue","5,0,250","Low.4","Mixed","58,0,197","55,0,200","53,0,202","51,0,204","48,0,207","43,0,212","mixed",180
"Blue","45,0,210","High.3","Mixed","51,0,204","42,0,213","34,0,221","26,0,229","17,0,238","1,0,254","mixed",181
"Blue","45,0,210","Mid.3","Mixed","60,0,195","57,0,198","54,0,201","51,0,204","47,0,208","41,0,214","mixed",182
"Purple","85,0,170","Mid.3","Mixed","60,0,195","57,0,198","54,0,201","51,0,204","47,0,208","41,0,214","mixed",183
"Blue","10,0,245","Mid.4","Blue","41,0,214","38,0,217","34,0,221","31,0,224","28,0,227","21,0,234","congruent",184
"Purple","80,0,175","High.2","Mixed","75,0,180","67,0,188","59,0,196","51,0,204","42,0,213","26,0,229","mixed",185
"Purple","90,0,165","High.1","Mixed","100,0,155","92,0,163","83,0,172","75,0,180","67,0,188","51,0,204","mixed",186
"Blue","20,0,235","Mid.5","Blue","21,0,234","18,0,237","14,0,241","11,0,244","8,0,247","1,0,254","congruent",187
"Blue","35,0,220","Mid.2","Purple","80,0,175","77,0,178","73,0,182","70,0,185","67,0,188","60,0,195","incongruent",188
"Purple","70,0,185","Low.4","Mixed","58,0,197","55,0,200","53,0,202","51,0,204","48,0,207","43,0,212","mixed",189
"Blue","40,0,215","Mid.5","Blue","21,0,234","18,0,237","14,0,241","11,0,244","8,0,247","1,0,254","congruent",190
"Blue","40,0,215","High.3","Mixed","51,0,204","42,0,213","34,0,221","26,0,229","17,0,238","1,0,254","mixed",191
"Blue","30,0,225","Low.2","Purple","86,0,169","84,0,171","81,0,174","79,0,176","77,0,178","72,0,183","incongruent",192
"Purple","100,0,155","Mid.1","Purple","100,0,155","97,0,158","93,0,162","90,0,165","87,0,168","80,0,175","congruent",193
"Purple","65,0,190","Low.3","Purple","72,0,183","70,0,185","67,0,188","65,0,190","63,0,192","58,0,197","congruent",194
"Blue","15,0,240","Low.7","Blue","15,0,240","13,0,242","10,0,245","8,0,247","6,0,249","1,0,254","congruent",195
"Blue","50,0,205","Mid.2","Purple","80,0,175","77,0,178","73,0,182","70,0,185","67,0,188","60,0,195","incongruent",196
"Blue","20,0,235","Mid.5","Blue","21,0,234","18,0,237","14,0,241","11,0,244","8,0,247","1,0,254","congruent",197
"Blue","20,0,235","Low.5","Blue","43,0,212","41,0,214","38,0,217","36,0,219","34,0,221","29,0,226","congruent",198
"Purple","70,0,185","Low.4","Mixed","58,0,197","55,0,200","53,0,202","51,0,204","48,0,207","43,0,212","mixed",199
"Blue","30,0,225","Low.6","Blue","29,0,226","27,0,228","24,0,231","22,0,233","20,0,235","15,0,240","congruent",200
"Blue","20,0,235","High.1","Mixed","100,0,155","92,0,163","83,0,172","75,0,180","67,0,188","51,0,204","mixed",201
"Purple","80,0,175","Mid.2","Purple","80,0,175","77,0,178","73,0,182","70,0,185","67,0,188","60,0,195","congruent",202
"Blue","50,0,205","High.3","Mixed","51,0,204","42,0,213","34,0,221","26,0,229","17,0,238","1,0,254","mixed",203
"Blue","25,0,230","Mid.1","Purple","100,0,155","97,0,158","93,0,162","90,0,165","87,0,168","80,0,175","incongruent",204
"Purple","70,0,185","Mid.5","Blue","21,0,234","18,0,237","14,0,241","11,0,244","8,0,247","1,0,254","incongruent",205
"Purple","70,0,185","Mid.5","Blue","21,0,234","18,0,237","14,0,241","11,0,244","8,0,247","1,0,254","incongruent",206
"Purple","100,0,155","Mid.1","Purple","100,0,155","97,0,158","93,0,162","90,0,165","87,0,168","80,0,175","congruent",207
"Blue","10,0,245","Mid.3","Mixed","60,0,195","57,0,198","54,0,201","51,0,204","47,0,208","41,0,214","mixed",208
"Blue","40,0,215","Mid.1","Purple","100,0,155","97,0,158","93,0,162","90,0,165","87,0,168","80,0,175","incongruent",209
"Blue","50,0,205","Low.2","Purple","86,0,169","84,0,171","81,0,174","79,0,176","77,0,178","72,0,183","incongruent",210
"Purple","60,0,195","Mid.3","Mixed","60,0,195","57,0,198","54,0,201","51,0,204","47,0,208","41,0,214","mixed",211
"Purple","100,0,155","High.3","Mixed","51,0,204","42,0,213","34,0,221","26,0,229","17,0,238","1,0,254","mixed",212
"Blue","25,0,230","Mid.3","Mixed","60,0,195","57,0,198","54,0,201","51,0,204","47,0,208","41,0,214","mixed",213
"Blue","45,0,210","Low.4","Mixed","58,0,197","55,0,200","53,0,202","51,0,204","48,0,207","43,0,212","mixed",214
"Purple","55,0,200","Low.1","Purple","100,0,155","98,0,157","95,0,160","93,0,162","91,0,164","86,0,169","congruent",215
"Blue","1,0,254","Mid.4","Blue","41,0,214","38,0,217","34,0,221","31,0,224","28,0,227","21,0,234","congruent",216
"Blue","15,0,240","Low.6","Blue","29,0,226","27,0,228","24,0,231","22,0,233","20,0,235","15,0,240","congruent",217
"Blue","45,0,210","Mid.5","Blue","21,0,234","18,0,237","14,0,241","11,0,244","8,0,247","1,0,254","congruent",218
"Purple","70,0,185","Mid.5","Blue","21,0,234","18,0,237","14,0,241","11,0,244","8,0,247","1,0,254","incongruent",219
"Purple","75,0,180","High.1","Mixed","100,0,155","92,0,163","83,0,172","75,0,180","67,0,188","51,0,204","mixed",220
"Purple","55,0,200","Mid.2","Purple","80,0,175","77,0,178","73,0,182","70,0,185","67,0,188","60,0,195","congruent",221
"Blue","15,0,240","Mid.1","Purple","100,0,155","97,0,158","93,0,162","90,0,165","87,0,168","80,0,175","incongruent",222
"Purple","95,0,160","Low.2","Purple","86,0,169","84,0,171","81,0,174","79,0,176","77,0,178","72,0,183","congruent",223
"Purple","75,0,180","High.1","Mixed","100,0,155","92,0,163","83,0,172","75,0,180","67,0,188","51,0,204","mixed",224
"Blue","15,0,240","Mid.5","Blue","21,0,234","18,0,237","14,0,241","11,0,244","8,0,247","1,0,254","congruent",225
"Purple","95,0,160","Mid.5","Blue","21,0,234","18,0,237","14,0,241","11,0,244","8,0,247","1,0,254","incongruent",226
"Purple","95,0,160","Low.2","Purple","86,0,169","84,0,171","81,0,174","79,0,176","77,0,178","72,0,183","congruent",227
"Purple","100,0,155","Low.3","Purple","72,0,183","70,0,185","67,0,188","65,0,190","63,0,192","58,0,197","congruent",228
"Purple","75,0,180","Mid.1","Purple","100,0,155","97,0,158","93,0,162","90,0,165","87,0,168","80,0,175","congruent",229
"Purple","80,0,175","High.2","Mixed","75,0,180","67,0,188","59,0,196","51,0,204","42,0,213","26,0,229","mixed",230
"Blue","20,0,235","Low.4","Mixed","58,0,197","55,0,200","53,0,202","51,0,204","48,0,207","43,0,212","mixed",231
"Purple","60,0,195","Mid.3","Mixed","60,0,195","57,0,198","54,0,201","51,0,204","47,0,208","41,0,214","mixed",232
"Purple","65,0,190","Low.6","Blue","29,0,226","27,0,228","24,0,231","22,0,233","20,0,235","15,0,240","incongruent",233
"Purple","55,0,200","Low.1","Purple","100,0,155","98,0,157","95,0,160","93,0,162","91,0,164","86,0,169","congruent",234
"Blue","10,0,245","Mid.1","Purple","100,0,155","97,0,158","93,0,162","90,0,165","87,0,168","80,0,175","incongruent",235
"Blue","10,0,245","Low.7","Blue","15,0,240","13,0,242","10,0,245","8,0,247","6,0,249","1,0,254","congruent",236
"Blue","35,0,220","Low.4","Mixed","58,0,197","55,0,200","53,0,202","51,0,204","48,0,207","43,0,212","mixed",237
"Blue","45,0,210","Low.1","Purple","100,0,155","98,0,157","95,0,160","93,0,162","91,0,164","86,0,169","incongruent",238
"Blue","15,0,240","Mid.2","Purple","80,0,175","77,0,178","73,0,182","70,0,185","67,0,188","60,0,195","incongruent",239
"Blue","35,0,220","Mid.1","Purple","100,0,155","97,0,158","93,0,162","90,0,165","87,0,168","80,0,175","incongruent",240
"Purple","100,0,155","Mid.1","Purple","100,0,155","97,0,158","93,0,162","90,0,165","87,0,168","80,0,175","congruent",241
"Blue","20,0,235","High.2","Mixed","75,0,180","67,0,188","59,0,196","51,0,204","42,0,213","26,0,229","mixed",242
"Purple","85,0,170","High.3","Mixed","51,0,204","42,0,213","34,0,221","26,0,229","17,0,238","1,0,254","mixed",243
"Purple","90,0,165","Low.1","Purple","100,0,155","98,0,157","95,0,160","93,0,162","91,0,164","86,0,169","congruent",244
"Blue","30,0,225","Low.2","Purple","86,0,169","84,0,171","81,0,174","79,0,176","77,0,178","72,0,183","incongruent",245
"Blue","45,0,210","Mid.2","Purple","80,0,175","77,0,178","73,0,182","70,0,185","67,0,188","60,0,195","incongruent",246
"Blue","5,0,250","High.2","Mixed","75,0,180","67,0,188","59,0,196","51,0,204","42,0,213","26,0,229","mixed",247
"Blue","5,0,250","Mid.5","Blue","21,0,234","18,0,237","14,0,241","11,0,244","8,0,247","1,0,254","congruent",248
"Purple","100,0,155","Mid.1","Purple","100,0,155","97,0,158","93,0,162","90,0,165","87,0,168","80,0,175","congruent",249
"Blue","50,0,205","High.2","Mixed","75,0,180","67,0,188","59,0,196","51,0,204","42,0,213","26,0,229","mixed",250
"Blue","5,0,250","Low.7","Blue","15,0,240","13,0,242","10,0,245","8,0,247","6,0,249","1,0,254","congruent",251
"Blue","20,0,235","Low.1","Purple","100,0,155","98,0,157","95,0,160","93,0,162","91,0,164","86,0,169","incongruent",252
"Purple","55,0,200","Low.1","Purple","100,0,155","98,0,157","95,0,160","93,0,162","91,0,164","86,0,169","congruent",253
"Blue","10,0,245","High.1","Mixed","100,0,155","92,0,163","83,0,172","75,0,180","67,0,188","51,0,204","mixed",254
"Purple","85,0,170","High.3","Mixed","51,0,204","42,0,213","34,0,221","26,0,229","17,0,238","1,0,254","mixed",255
"Purple","65,0,190","Mid.4","Blue","41,0,214","38,0,217","34,0,221","31,0,224","28,0,227","21,0,234","incongruent",256
"Purple","70,0,185","Low.7","Blue","15,0,240","13,0,242","10,0,245","8,0,247","6,0,249","1,0,254","incongruent",257
"Purple","80,0,175","Mid.2","Purple","80,0,175","77,0,178","73,0,182","70,0,185","67,0,188","60,0,195","congruent",258
"Purple","80,0,175","Low.6","Blue","29,0,226","27,0,228","24,0,231","22,0,233","20,0,235","15,0,240","incongruent",259
"Purple","95,0,160","Low.2","Purple","86,0,169","84,0,171","81,0,174","79,0,176","77,0,178","72,0,183","congruent",260
"Blue","10,0,245","Mid.4","Blue","41,0,214","38,0,217","34,0,221","31,0,224","28,0,227","21,0,234","congruent",261
"Purple","70,0,185","Low.4","Mixed","58,0,197","55,0,200","53,0,202","51,0,204","48,0,207","43,0,212","mixed",262
"Blue","25,0,230","Low.2","Purple","86,0,169","84,0,171","81,0,174","79,0,176","77,0,178","72,0,183","incongruent",263
"Purple","95,0,160","Mid.5","Blue","21,0,234","18,0,237","14,0,241","11,0,244","8,0,247","1,0,254","incongruent",264
"Blue","35,0,220","Low.6","Blue","29,0,226","27,0,228","24,0,231","22,0,233","20,0,235","15,0,240","congruent",265
"Purple","85,0,170","Low.7","Blue","15,0,240","13,0,242","10,0,245","8,0,247","6,0,249","1,0,254","incongruent",266
"Blue","1,0,254","Mid.3","Mixed","60,0,195","57,0,198","54,0,201","51,0,204","47,0,208","41,0,214","mixed",267
"Blue","30,0,225","High.3","Mixed","51,0,204","42,0,213","34,0,221","26,0,229","17,0,238","1,0,254","mixed",268
"Purple","75,0,180","Low.5","Blue","43,0,212","41,0,214","38,0,217","36,0,219","34,0,221","29,0,226","incongruent",269
"Blue","5,0,250","Low.6","Blue","29,0,226","27,0,228","24,0,231","22,0,233","20,0,235","15,0,240","congruent",270
"Purple","60,0,195","Mid.3","Mixed","60,0,195","57,0,198","54,0,201","51,0,204","47,0,208","41,0,214","mixed",271
"Blue","5,0,250","Low.2","Purple","86,0,169","84,0,171","81,0,174","79,0,176","77,0,178","72,0,183","incongruent",272
"Purple","65,0,190","Low.6","Blue","29,0,226","27,0,228","24,0,231","22,0,233","20,0,235","15,0,240","incongruent",273
"Purple","95,0,160","High.2","Mixed","75,0,180","67,0,188","59,0,196","51,0,204","42,0,213","26,0,229","mixed",274
"Blue","10,0,245","Low.1","Purple","100,0,155","98,0,157","95,0,160","93,0,162","91,0,164","86,0,169","incongruent",275
"Purple","85,0,170","High.3","Mixed","51,0,204","42,0,213","34,0,221","26,0,229","17,0,238","1,0,254","mixed",276
"Blue","45,0,210","Low.4","Mixed","58,0,197","55,0,200","53,0,202","51,0,204","48,0,207","43,0,212","mixed",277
"Purple","65,0,190","Low.3","Purple","72,0,183","70,0,185","67,0,188","65,0,190","63,0,192","58,0,197","congruent",278
"Blue","25,0,230","High.3","Mixed","51,0,204","42,0,213","34,0,221","26,0,229","17,0,238","1,0,254","mixed",279
"Blue","50,0,205","Low.3","Purple","72,0,183","70,0,185","67,0,188","65,0,190","63,0,192","58,0,197","incongruent",280
"Blue","45,0,210","Mid.4","Blue","41,0,214","38,0,217","34,0,221","31,0,224","28,0,227","21,0,234","congruent",281
"Purple","55,0,200","Mid.2","Purple","80,0,175","77,0,178","73,0,182","70,0,185","67,0,188","60,0,195","congruent",282
"Blue","35,0,220","Low.7","Blue","15,0,240","13,0,242","10,0,245","8,0,247","6,0,249","1,0,254","congruent",283
"Purple","85,0,170","Mid.3","Mixed","60,0,195","57,0,198","54,0,201","51,0,204","47,0,208","41,0,214","mixed",284
"Purple","60,0,195","Low.5","Blue","43,0,212","41,0,214","38,0,217","36,0,219","34,0,221","29,0,226","incongruent",285
"Purple","55,0,200","Low.1","Purple","100,0,155","98,0,157","95,0,160","93,0,162","91,0,164","86,0,169","congruent",286
"Purple","65,0,190","Low.6","Blue","29,0,226","27,0,228","24,0,231","22,0,233","20,0,235","15,0,240","incongruent",287
"Blue","35,0,220","Low.2","Purple","86,0,169","84,0,171","81,0,174","79,0,176","77,0,178","72,0,183","incongruent",288
"Purple","65,0,190","Low.3","Purple","72,0,183","70,0,185","67,0,188","65,0,190","63,0,192","58,0,197","congruent",289
"Blue","50,0,205","Mid.2","Purple","80,0,175","77,0,178","73,0,182","70,0,185","67,0,188","60,0,195","incongruent",290
"Blue","40,0,215","Mid.4","Blue","41,0,214","38,0,217","34,0,221","31,0,224","28,0,227","21,0,234","congruent",291
"Blue","35,0,220","High.3","Mixed","51,0,204","42,0,213","34,0,221","26,0,229","17,0,238","1,0,254","mixed",292
"Purple","55,0,200","Mid.2","Purple","80,0,175","77,0,178","73,0,182","70,0,185","67,0,188","60,0,195","congruent",293
"Purple","75,0,180","High.1","Mixed","100,0,155","92,0,163","83,0,172","75,0,180","67,0,188","51,0,204","mixed",294
"Blue","1,0,254","Low.2","Purple","86,0,169","84,0,171","81,0,174","79,0,176","77,0,178","72,0,183","incongruent",295
"Purple","65,0,190","Low.6","Blue","29,0,226","27,0,228","24,0,231","22,0,233","20,0,235","15,0,240","incongruent",296
"Purple","100,0,155","Mid.1","Purple","100,0,155","97,0,158","93,0,162","90,0,165","87,0,168","80,0,175","congruent",297
"Blue","1,0,254","Low.7","Blue","15,0,240","13,0,242","10,0,245","8,0,247","6,0,249","1,0,254","congruent",298
"Purple","75,0,180","High.1","Mixed","100,0,155","92,0,163","83,0,172","75,0,180","67,0,188","51,0,204","mixed",299
"Blue","25,0,230","High.2","Mixed","75,0,180","67,0,188","59,0,196","51,0,204","42,0,213","26,0,229","mixed",300
"Purple","100,0,155","Low.3","Purple","72,0,183","70,0,185","67,0,188","65,0,190","63,0,192","58,0,197","congruent",301
"Purple","55,0,200","Mid.2","Purple","80,0,175","77,0,178","73,0,182","70,0,185","67,0,188","60,0,195","congruent",302
"Purple","60,0,195","Mid.3","Mixed","60,0,195","57,0,198","54,0,201","51,0,204","47,0,208","41,0,214","mixed",303
"Blue","15,0,240","Low.2","Purple","86,0,169","84,0,171","81,0,174","79,0,176","77,0,178","72,0,183","incongruent",304
"Purple","80,0,175","Low.6","Blue","29,0,226","27,0,228","24,0,231","22,0,233","20,0,235","15,0,240","incongruent",305
"Blue","40,0,215","Low.5","Blue","43,0,212","41,0,214","38,0,217","36,0,219","34,0,221","29,0,226","congruent",306
"Blue","45,0,210","Low.7","Blue","15,0,240","13,0,242","10,0,245","8,0,247","6,0,249","1,0,254","congruent",307
"Purple","90,0,165","Low.1","Purple","100,0,155","98,0,157","95,0,160","93,0,162","91,0,164","86,0,169","congruent",308
"Purple","70,0,185","Low.4","Mixed","58,0,197","55,0,200","53,0,202","51,0,204","48,0,207","43,0,212","mixed",309
"Purple","100,0,155","High.3","Mixed","51,0,204","42,0,213","34,0,221","26,0,229","17,0,238","1,0,254","mixed",310
"Blue","1,0,254","High.2","Mixed","75,0,180","67,0,188","59,0,196","51,0,204","42,0,213","26,0,229","mixed",311
"Blue","15,0,240","High.2","Mixed","75,0,180","67,0,188","59,0,196","51,0,204","42,0,213","26,0,229","mixed",312
"Blue","35,0,220","Mid.5","Blue","21,0,234","18,0,237","14,0,241","11,0,244","8,0,247","1,0,254","congruent",313
"Purple","85,0,170","Mid.3","Mixed","60,0,195","57,0,198","54,0,201","51,0,204","47,0,208","41,0,214","mixed",314
"Blue","35,0,220","High.3","Mixed","51,0,204","42,0,213","34,0,221","26,0,229","17,0,238","1,0,254","mixed",315
"Purple","100,0,155","High.3","Mixed","51,0,204","42,0,213","34,0,221","26,0,229","17,0,238","1,0,254","mixed",316
"Blue","35,0,220","Low.2","Purple","86,0,169","84,0,171","81,0,174","79,0,176","77,0,178","72,0,183","incongruent",317
"Purple","55,0,200","Low.4","Mixed","58,0,197","55,0,200","53,0,202","51,0,204","48,0,207","43,0,212","mixed",318
"Blue","30,0,225","Low.4","Mixed","58,0,197","55,0,200","53,0,202","51,0,204","48,0,207","43,0,212","mixed",319
"Purple","80,0,175","Low.6","Blue","29,0,226","27,0,228","24,0,231","22,0,233","20,0,235","15,0,240","incongruent",320
"Purple","85,0,170","High.3","Mixed","51,0,204","42,0,213","34,0,221","26,0,229","17,0,238","1,0,254","mixed",321
"Purple","85,0,170","Mid.3","Mixed","60,0,195","57,0,198","54,0,201","51,0,204","47,0,208","41,0,214","mixed",322
"Blue","35,0,220","Mid.4","Blue","41,0,214","38,0,217","34,0,221","31,0,224","28,0,227","21,0,234","congruent",323
"Blue","25,0,230","Low.1","Purple","100,0,155","98,0,157","95,0,160","93,0,162","91,0,164","86,0,169","incongruent",324
"Blue","20,0,235","Low.6","Blue","29,0,226","27,0,228","24,0,231","22,0,233","20,0,235","15,0,240","congruent",325
"Blue","10,0,245","Low.4","Mixed","58,0,197","55,0,200","53,0,202","51,0,204","48,0,207","43,0,212","mixed",326
"Purple","75,0,180","High.1","Mixed","100,0,155","92,0,163","83,0,172","75,0,180","67,0,188","51,0,204","mixed",327
"Purple","100,0,155","Low.3","Purple","72,0,183","70,0,185","67,0,188","65,0,190","63,0,192","58,0,197","congruent",328
"Blue","1,0,254","High.3","Mixed","51,0,204","42,0,213","34,0,221","26,0,229","17,0,238","1,0,254","mixed",329
"Purple","80,0,175","Low.6","Blue","29,0,226","27,0,228","24,0,231","22,0,233","20,0,235","15,0,240","incongruent",330
"Blue","10,0,245","High.3","Mixed","51,0,204","42,0,213","34,0,221","26,0,229","17,0,238","1,0,254","mixed",331
"Blue","40,0,215","Low.1","Purple","100,0,155","98,0,157","95,0,160","93,0,162","91,0,164","86,0,169","incongruent",332
"Purple","60,0,195","Low.2","Purple","86,0,169","84,0,171","81,0,174","79,0,176","77,0,178","72,0,183","congruent",333
"Blue","15,0,240","Mid.4","Blue","41,0,214","38,0,217","34,0,221","31,0,224","28,0,227","21,0,234","congruent",334
"Blue","50,0,205","Low.1","Purple","100,0,155","98,0,157","95,0,160","93,0,162","91,0,164","86,0,169","incongruent",335
"Blue","5,0,250","Mid.2","Purple","80,0,175","77,0,178","73,0,182","70,0,185","67,0,188","60,0,195","incongruent",336
"Purple","100,0,155","High.3","Mixed","51,0,204","42,0,213","34,0,221","26,0,229","17,0,238","1,0,254","mixed",337
"Blue","1,0,254","Low.1","Purple","100,0,155","98,0,157","95,0,160","93,0,162","91,0,164","86,0,169","incongruent",338
"Purple","55,0,200","Low.4","Mixed","58,0,197","55,0,200","53,0,202","51,0,204","48,0,207","43,0,212","mixed",339
"Blue","15,0,240","High.2","Mixed","75,0,180","67,0,188","59,0,196","51,0,204","42,0,213","26,0,229","mixed",340
"Blue","40,0,215","Mid.4","Blue","41,0,214","38,0,217","34,0,221","31,0,224","28,0,227","21,0,234","congruent",341
"Blue","30,0,225","High.1","Mixed","100,0,155","92,0,163","83,0,172","75,0,180","67,0,188","51,0,204","mixed",342
"Purple","75,0,180","Low.5","Blue","43,0,212","41,0,214","38,0,217","36,0,219","34,0,221","29,0,226","incongruent",343
"Blue","1,0,254","Mid.1","Purple","100,0,155","97,0,158","93,0,162","90,0,165","87,0,168","80,0,175","incongruent",344
"Purple","55,0,200","Mid.2","Purple","80,0,175","77,0,178","73,0,182","70,0,185","67,0,188","60,0,195","congruent",345
"Purple","75,0,180","Low.5","Blue","43,0,212","41,0,214","38,0,217","36,0,219","34,0,221","29,0,226","incongruent",346
"Blue","20,0,235","Low.4","Mixed","58,0,197","55,0,200","53,0,202","51,0,204","48,0,207","43,0,212","mixed",347
"Blue","5,0,250","Low.1","Purple","100,0,155","98,0,157","95,0,160","93,0,162","91,0,164","86,0,169","incongruent",348
"Blue","40,0,215","High.1","Mixed","100,0,155","92,0,163","83,0,172","75,0,180","67,0,188","51,0,204","mixed",349
"Purple","65,0,190","Mid.4","Blue","41,0,214","38,0,217","34,0,221","31,0,224","28,0,227","21,0,234","incongruent",350
"Blue","20,0,235","High.3","Mixed","51,0,204","42,0,213","34,0,221","26,0,229","17,0,238","1,0,254","mixed",351
"Purple","85,0,170","High.3","Mixed","51,0,204","42,0,213","34,0,221","26,0,229","17,0,238","1,0,254","mixed",352
"Blue","35,0,220","Low.1","Purple","100,0,155","98,0,157","95,0,160","93,0,162","91,0,164","86,0,169","incongruent",353
"Purple","70,0,185","Low.4","Mixed","58,0,197","55,0,200","53,0,202","51,0,204","48,0,207","43,0,212","mixed",354
"Blue","5,0,250","Mid.2","Purple","80,0,175","77,0,178","73,0,182","70,0,185","67,0,188","60,0,195","incongruent",355
"Blue","25,0,230","Mid.1","Purple","100,0,155","97,0,158","93,0,162","90,0,165","87,0,168","80,0,175","incongruent",356
"Purple","90,0,165","High.1","Mixed","100,0,155","92,0,163","83,0,172","75,0,180","67,0,188","51,0,204","mixed",357
"Purple","65,0,190","Low.3","Purple","72,0,183","70,0,185","67,0,188","65,0,190","63,0,192","58,0,197","congruent",358
"Purple","60,0,195","Low.2","Purple","86,0,169","84,0,171","81,0,174","79,0,176","77,0,178","72,0,183","congruent",359
"Purple","60,0,195","Mid.3","Mixed","60,0,195","57,0,198","54,0,201","51,0,204","47,0,208","41,0,214","mixed",360
"Purple","100,0,155","Low.3","Purple","72,0,183","70,0,185","67,0,188","65,0,190","63,0,192","58,0,197","congruent",361
"Purple","90,0,165","Low.1","Purple","100,0,155","98,0,157","95,0,160","93,0,162","91,0,164","86,0,169","congruent",362
"Blue","30,0,225","Low.5","Blue","43,0,212","41,0,214","38,0,217","36,0,219","34,0,221","29,0,226","congruent",363
"Purple","75,0,180","Mid.1","Purple","100,0,155","97,0,158","93,0,162","90,0,165","87,0,168","80,0,175","congruent",364
"Purple","95,0,160","Low.2","Purple","86,0,169","84,0,171","81,0,174","79,0,176","77,0,178","72,0,183","congruent",365
"Blue","25,0,230","Low.5","Blue","43,0,212","41,0,214","38,0,217","36,0,219","34,0,221","29,0,226","congruent",366
"Blue","25,0,230","Low.7","Blue","15,0,240","13,0,242","10,0,245","8,0,247","6,0,249","1,0,254","congruent",367
"Blue","45,0,210","High.3","Mixed","51,0,204","42,0,213","34,0,221","26,0,229","17,0,238","1,0,254","mixed",368
"Blue","15,0,240","High.1","Mixed","100,0,155","92,0,163","83,0,172","75,0,180","67,0,188","51,0,204","mixed",369
"Purple","60,0,195","Low.2","Purple","86,0,169","84,0,171","81,0,174","79,0,176","77,0,178","72,0,183","congruent",370
"Blue","5,0,250","High.3","Mixed","51,0,204","42,0,213","34,0,221","26,0,229","17,0,238","1,0,254","mixed",371
"Blue","35,0,220","Low.3","Purple","72,0,183","70,0,185","67,0,188","65,0,190","63,0,192","58,0,197","incongruent",372
"Purple","75,0,180","Mid.1","Purple","100,0,155","97,0,158","93,0,162","90,0,165","87,0,168","80,0,175","congruent",373
"Purple","95,0,160","Low.2","Purple","86,0,169","84,0,171","81,0,174","79,0,176","77,0,178","72,0,183","congruent",374
"Purple","90,0,165","Mid.4","Blue","41,0,214","38,0,217","34,0,221","31,0,224","28,0,227","21,0,234","incongruent",375
"Blue","30,0,225","Mid.2","Purple","80,0,175","77,0,178","73,0,182","70,0,185","67,0,188","60,0,195","incongruent",376
"Purple","100,0,155","Mid.1","Purple","100,0,155","97,0,158","93,0,162","90,0,165","87,0,168","80,0,175","congruent",377
"Blue","15,0,240","Mid.5","Blue","21,0,234","18,0,237","14,0,241","11,0,244","8,0,247","1,0,254","congruent",378
"Blue","15,0,240","Low.3","Purple","72,0,183","70,0,185","67,0,188","65,0,190","63,0,192","58,0,197","incongruent",379
"Blue","40,0,215","Mid.2","Purple","80,0,175","77,0,178","73,0,182","70,0,185","67,0,188","60,0,195","incongruent",380
"Blue","40,0,215","Low.4","Mixed","58,0,197","55,0,200","53,0,202","51,0,204","48,0,207","43,0,212","mixed",381
"Blue","10,0,245","Low.7","Blue","15,0,240","13,0,242","10,0,245","8,0,247","6,0,249","1,0,254","congruent",382
"Purple","75,0,180","Mid.1","Purple","100,0,155","97,0,158","93,0,162","90,0,165","87,0,168","80,0,175","congruent",383
"Blue","10,0,245","Low.5","Blue","43,0,212","41,0,214","38,0,217","36,0,219","34,0,221","29,0,226","congruent",384
"Purple","95,0,160","Low.2","Purple","86,0,169","84,0,171","81,0,174","79,0,176","77,0,178","72,0,183","congruent",385
"Purple","85,0,170","High.3","Mixed","51,0,204","42,0,213","34,0,221","26,0,229","17,0,238","1,0,254","mixed",386
"Purple","75,0,180","Mid.1","Purple","100,0,155","97,0,158","93,0,162","90,0,165","87,0,168","80,0,175","congruent",387
"Blue","10,0,245","Low.3","Purple","72,0,183","70,0,185","67,0,188","65,0,190","63,0,192","58,0,197","incongruent",388
"Purple","75,0,180","Low.5","Blue","43,0,212","41,0,214","38,0,217","36,0,219","34,0,221","29,0,226","incongruent",389
"Purple","75,0,180","High.1","Mixed","100,0,155","92,0,163","83,0,172","75,0,180","67,0,188","51,0,204","mixed",390
"Blue","30,0,225","Mid.2","Purple","80,0,175","77,0,178","73,0,182","70,0,185","67,0,188","60,0,195","incongruent",391
"Blue","50,0,205","Low.6","Blue","29,0,226","27,0,228","24,0,231","22,0,233","20,0,235","15,0,240","congruent",392
"Purple","75,0,180","High.1","Mixed","100,0,155","92,0,163","83,0,172","75,0,180","67,0,188","51,0,204","mixed",393
"Blue","5,0,250","Low.6","Blue","29,0,226","27,0,228","24,0,231","22,0,233","20,0,235","15,0,240","congruent",394
"Purple","55,0,200","Mid.2","Purple","80,0,175","77,0,178","73,0,182","70,0,185","67,0,188","60,0,195","congruent",395
"Purple","65,0,190","Low.6","Blue","29,0,226","27,0,228","24,0,231","22,0,233","20,0,235","15,0,240","incongruent",396
"Blue","40,0,215","Low.3","Purple","72,0,183","70,0,185","67,0,188","65,0,190","63,0,192","58,0,197","incongruent",397
"Blue","5,0,250","High.3","Mixed","51,0,204","42,0,213","34,0,221","26,0,229","17,0,238","1,0,254","mixed",398
"Blue","40,0,215","Low.7","Blue","15,0,240","13,0,242","10,0,245","8,0,247","6,0,249","1,0,254","congruent",399
"Blue","10,0,245","Mid.2","Purple","80,0,175","77,0,178","73,0,182","70,0,185","67,0,188","60,0,195","incongruent",400
"Blue","10,0,245","Mid.3","Mixed","60,0,195","57,0,198","54,0,201","51,0,204","47,0,208","41,0,214","mixed",401
"Blue","25,0,230","Mid.2","Purple","80,0,175","77,0,178","73,0,182","70,0,185","67,0,188","60,0,195","incongruent",402
"Purple","100,0,155","Low.3","Purple","72,0,183","70,0,185","67,0,188","65,0,190","63,0,192","58,0,197","congruent",403
"Purple","55,0,200","Low.4","Mixed","58,0,197","55,0,200","53,0,202","51,0,204","48,0,207","43,0,212","mixed",404
"Blue","35,0,220","Low.5","Blue","43,0,212","41,0,214","38,0,217","36,0,219","34,0,221","29,0,226","congruent",405
"Blue","45,0,210","High.2","Mixed","75,0,180","67,0,188","59,0,196","51,0,204","42,0,213","26,0,229","mixed",406
"Purple","65,0,190","Low.6","Blue","29,0,226","27,0,228","24,0,231","22,0,233","20,0,235","15,0,240","incongruent",407
"Purple","70,0,185","Low.7","Blue","15,0,240","13,0,242","10,0,245","8,0,247","6,0,249","1,0,254","incongruent",408
"Purple","90,0,165","High.1","Mixed","100,0,155","92,0,163","83,0,172","75,0,180","67,0,188","51,0,204","mixed",409
"Blue","25,0,230","High.3","Mixed","51,0,204","42,0,213","34,0,221","26,0,229","17,0,238","1,0,254","mixed",410
"Purple","80,0,175","Low.6","Blue","29,0,226","27,0,228","24,0,231","22,0,233","20,0,235","15,0,240","incongruent",411
"Purple","60,0,195","Low.5","Blue","43,0,212","41,0,214","38,0,217","36,0,219","34,0,221","29,0,226","incongruent",412
"Blue","10,0,245","Mid.5","Blue","21,0,234","18,0,237","14,0,241","11,0,244","8,0,247","1,0,254","congruent",413
"Blue","1,0,254","Mid.2","Purple","80,0,175","77,0,178","73,0,182","70,0,185","67,0,188","60,0,195","incongruent",414
"Blue","50,0,205","Mid.3","Mixed","60,0,195","57,0,198","54,0,201","51,0,204","47,0,208","41,0,214","mixed",415
"Blue","35,0,220","Mid.5","Blue","21,0,234","18,0,237","14,0,241","11,0,244","8,0,247","1,0,254","congruent",416
"Purple","70,0,185","Low.7","Blue","15,0,240","13,0,242","10,0,245","8,0,247","6,0,249","1,0,254","incongruent",417
"Blue","35,0,220","Low.3","Purple","72,0,183","70,0,185","67,0,188","65,0,190","63,0,192","58,0,197","incongruent",418
"Blue","40,0,215","Low.6","Blue","29,0,226","27,0,228","24,0,231","22,0,233","20,0,235","15,0,240","congruent",419
"Purple","100,0,155","High.3","Mixed","51,0,204","42,0,213","34,0,221","26,0,229","17,0,238","1,0,254","mixed",420
"Purple","80,0,175","High.2","Mixed","75,0,180","67,0,188","59,0,196","51,0,204","42,0,213","26,0,229","mixed",421
"Blue","20,0,235","Mid.3","Mixed","60,0,195","57,0,198","54,0,201","51,0,204","47,0,208","41,0,214","mixed",422
"Blue","25,0,230","Mid.3","Mixed","60,0,195","57,0,198","54,0,201","51,0,204","47,0,208","41,0,214","mixed",423
"Blue","45,0,210","Mid.5","Blue","21,0,234","18,0,237","14,0,241","11,0,244","8,0,247","1,0,254","congruent",424
"Purple","95,0,160","Mid.5","Blue","21,0,234","18,0,237","14,0,241","11,0,244","8,0,247","1,0,254","incongruent",425
"Purple","95,0,160","Mid.5","Blue","21,0,234","18,0,237","14,0,241","11,0,244","8,0,247","1,0,254","incongruent",426
"Purple","80,0,175","Low.6","Blue","29,0,226","27,0,228","24,0,231","22,0,233","20,0,235","15,0,240","incongruent",427
"Purple","95,0,160","Mid.5","Blue","21,0,234","18,0,237","14,0,241","11,0,244","8,0,247","1,0,254","incongruent",428
"Purple","95,0,160","Low.2","Purple","86,0,169","84,0,171","81,0,174","79,0,176","77,0,178","72,0,183","congruent",429
"Purple","70,0,185","Low.4","Mixed","58,0,197","55,0,200","53,0,202","51,0,204","48,0,207","43,0,212","mixed",430
"Purple","85,0,170","Low.7","Blue","15,0,240","13,0,242","10,0,245","8,0,247","6,0,249","1,0,254","incongruent",431
"Purple","65,0,190","Low.6","Blue","29,0,226","27,0,228","24,0,231","22,0,233","20,0,235","15,0,240","incongruent",432
"Blue","1,0,254","Mid.5","Blue","21,0,234","18,0,237","14,0,241","11,0,244","8,0,247","1,0,254","congruent",433
"Blue","10,0,245","Mid.2","Purple","80,0,175","77,0,178","73,0,182","70,0,185","67,0,188","60,0,195","incongruent",434
"Blue","5,0,250","Mid.4","Blue","41,0,214","38,0,217","34,0,221","31,0,224","28,0,227","21,0,234","congruent",435
"Blue","50,0,205","Low.3","Purple","72,0,183","70,0,185","67,0,188","65,0,190","63,0,192","58,0,197","incongruent",436
"Purple","95,0,160","High.2","Mixed","75,0,180","67,0,188","59,0,196","51,0,204","42,0,213","26,0,229","mixed",437
"Purple","65,0,190","Mid.4","Blue","41,0,214","38,0,217","34,0,221","31,0,224","28,0,227","21,0,234","incongruent",438
"Blue","40,0,215","Low.3","Purple","72,0,183","70,0,185","67,0,188","65,0,190","63,0,192","58,0,197","incongruent",439
"Purple","90,0,165","High.1","Mixed","100,0,155","92,0,163","83,0,172","75,0,180","67,0,188","51,0,204","mixed",440
"Purple","70,0,185","Low.7","Blue","15,0,240","13,0,242","10,0,245","8,0,247","6,0,249","1,0,254","incongruent",441
"Blue","10,0,245","Low.6","Blue","29,0,226","27,0,228","24,0,231","22,0,233","20,0,235","15,0,240","congruent",442
"Blue","5,0,250","Mid.3","Mixed","60,0,195","57,0,198","54,0,201","51,0,204","47,0,208","41,0,214","mixed",443
"Blue","45,0,210","Low.5","Blue","43,0,212","41,0,214","38,0,217","36,0,219","34,0,221","29,0,226","congruent",444
"Purple","75,0,180","Low.5","Blue","43,0,212","41,0,214","38,0,217","36,0,219","34,0,221","29,0,226","incongruent",445
"Blue","10,0,245","Mid.1","Purple","100,0,155","97,0,158","93,0,162","90,0,165","87,0,168","80,0,175","incongruent",446
"Blue","25,0,230","Low.2","Purple","86,0,169","84,0,171","81,0,174","79,0,176","77,0,178","72,0,183","incongruent",447
"Purple","90,0,165","High.1","Mixed","100,0,155","92,0,163","83,0,172","75,0,180","67,0,188","51,0,204","mixed",448
"Blue","30,0,225","Low.6","Blue","29,0,226","27,0,228","24,0,231","22,0,233","20,0,235","15,0,240","congruent",449
"Blue","1,0,254","High.2","Mixed","75,0,180","67,0,188","59,0,196","51,0,204","42,0,213","26,0,229","mixed",450
"Blue","10,0,245","Low.6","Blue","29,0,226","27,0,228","24,0,231","22,0,233","20,0,235","15,0,240","congruent",451
"Blue","1,0,254","High.3","Mixed","51,0,204","42,0,213","34,0,221","26,0,229","17,0,238","1,0,254","mixed",452
"Blue","1,0,254","Low.6","Blue","29,0,226","27,0,228","24,0,231","22,0,233","20,0,235","15,0,240","congruent",453
"Blue","45,0,210","Low.6","Blue","29,0,226","27,0,228","24,0,231","22,0,233","20,0,235","15,0,240","congruent",454
"Purple","90,0,165","Mid.4","Blue","41,0,214","38,0,217","34,0,221","31,0,224","28,0,227","21,0,234","incongruent",455
"Blue","15,0,240","Mid.3","Mixed","60,0,195","57,0,198","54,0,201","51,0,204","47,0,208","41,0,214","mixed",456
"Blue","5,0,250","Low.2","Purple","86,0,169","84,0,171","81,0,174","79,0,176","77,0,178","72,0,183","incongruent",457
"Blue","25,0,230","Low.3","Purple","72,0,183","70,0,185","67,0,188","65,0,190","63,0,192","58,0,197","incongruent",458
"Blue","30,0,225","Mid.1","Purple","100,0,155","97,0,158","93,0,162","90,0,165","87,0,168","80,0,175","incongruent",459
"Purple","100,0,155","Low.3","Purple","72,0,183","70,0,185","67,0,188","65,0,190","63,0,192","58,0,197","congruent",460
"Blue","45,0,210","Mid.4","Blue","41,0,214","38,0,217","34,0,221","31,0,224","28,0,227","21,0,234","congruent",461
"Blue","1,0,254","Low.2","Purple","86,0,169","84,0,171","81,0,174","79,0,176","77,0,178","72,0,183","incongruent",462
"Purple","55,0,200","Low.4","Mixed","58,0,197","55,0,200","53,0,202","51,0,204","48,0,207","43,0,212","mixed",463
"Purple","80,0,175","Low.6","Blue","29,0,226","27,0,228","24,0,231","22,0,233","20,0,235","15,0,240","incongruent",464
"Blue","15,0,240","Low.4","Mixed","58,0,197","55,0,200","53,0,202","51,0,204","48,0,207","43,0,212","mixed",465
"Purple","60,0,195","Mid.3","Mixed","60,0,195","57,0,198","54,0,201","51,0,204","47,0,208","41,0,214","mixed",466
"Blue","50,0,205","High.2","Mixed","75,0,180","67,0,188","59,0,196","51,0,204","42,0,213","26,0,229","mixed",467
"Blue","15,0,240","Low.1","Purple","100,0,155","98,0,157","95,0,160","93,0,162","91,0,164","86,0,169","incongruent",468
"Blue","50,0,205","High.3","Mixed","51,0,204","42,0,213","34,0,221","26,0,229","17,0,238","1,0,254","mixed",469
"Purple","85,0,170","Low.7","Blue","15,0,240","13,0,242","10,0,245","8,0,247","6,0,249","1,0,254","incongruent",470
"Blue","15,0,240","Mid.1","Purple","100,0,155","97,0,158","93,0,162","90,0,165","87,0,168","80,0,175","incongruent",471
"Blue","45,0,210","High.1","Mixed","100,0,155","92,0,163","83,0,172","75,0,180","67,0,188","51,0,204","mixed",472
"Purple","60,0,195","Mid.3","Mixed","60,0,195","57,0,198","54,0,201","51,0,204","47,0,208","41,0,214","mixed",473
"Blue","35,0,220","Low.4","Mixed","58,0,197","55,0,200","53,0,202","51,0,204","48,0,207","43,0,212","mixed",474
"Blue","25,0,230","Low.7","Blue","15,0,240","13,0,242","10,0,245","8,0,247","6,0,249","1,0,254","congruent",475
"Purple","70,0,185","Low.4","Mixed","58,0,197","55,0,200","53,0,202","51,0,204","48,0,207","43,0,212","mixed",476
"Purple","60,0,195","Low.5","Blue","43,0,212","41,0,214","38,0,217","36,0,219","34,0,221","29,0,226","incongruent",477
"Blue","5,0,250","Mid.3","Mixed","60,0,195","57,0,198","54,0,201","51,0,204","47,0,208","41,0,214","mixed",478
"Blue","25,0,230","Low.6","Blue","29,0,226","27,0,228","24,0,231","22,0,233","20,0,235","15,0,240","congruent",479
"Blue","40,0,215","High.2","Mixed","75,0,180","67,0,188","59,0,196","51,0,204","42,0,213","26,0,229","mixed",480
"Blue","50,0,205","Low.7","Blue","15,0,240","13,0,242","10,0,245","8,0,247","6,0,249","1,0,254","congruent",481
"Purple","85,0,170","Low.7","Blue","15,0,240","13,0,242","10,0,245","8,0,247","6,0,249","1,0,254","incongruent",482
"Purple","70,0,185","Low.4","Mixed","58,0,197","55,0,200","53,0,202","51,0,204","48,0,207","43,0,212","mixed",483
"Blue","35,0,220","High.2","Mixed","75,0,180","67,0,188","59,0,196","51,0,204","42,0,213","26,0,229","mixed",484
"Blue","25,0,230","Low.5","Blue","43,0,212","41,0,214","38,0,217","36,0,219","34,0,221","29,0,226","congruent",485
"Blue","30,0,225","Low.3","Purple","72,0,183","70,0,185","67,0,188","65,0,190","63,0,192","58,0,197","incongruent",486
"Purple","90,0,165","Low.1","Purple","100,0,155","98,0,157","95,0,160","93,0,162","91,0,164","86,0,169","congruent",487
"Blue","5,0,250","Mid.5","Blue","21,0,234","18,0,237","14,0,241","11,0,244","8,0,247","1,0,254","congruent",488
"Blue","40,0,215","Mid.5","Blue","21,0,234","18,0,237","14,0,241","11,0,244","8,0,247","1,0,254","congruent",489
"Purple","90,0,165","Mid.4","Blue","41,0,214","38,0,217","34,0,221","31,0,224","28,0,227","21,0,234","incongruent",490
"Blue","15,0,240","High.3","Mixed","51,0,204","42,0,213","34,0,221","26,0,229","17,0,238","1,0,254","mixed",491
"Purple","80,0,175","High.2","Mixed","75,0,180","67,0,188","59,0,196","51,0,204","42,0,213","26,0,229","mixed",492
"Purple","90,0,165","Mid.4","Blue","41,0,214","38,0,217","34,0,221","31,0,224","28,0,227","21,0,234","incongruent",493
"Purple","70,0,185","Mid.5","Blue","21,0,234","18,0,237","14,0,241","11,0,244","8,0,247","1,0,254","incongruent",494
"Purple","70,0,185","Mid.5","Blue","21,0,234","18,0,237","14,0,241","11,0,244","8,0,247","1,0,254","incongruent",495
"Blue","50,0,205","Mid.1","Purple","100,0,155","97,0,158","93,0,162","90,0,165","87,0,168","80,0,175","incongruent",496
"Blue","25,0,230","Mid.5","Blue","21,0,234","18,0,237","14,0,241","11,0,244","8,0,247","1,0,254","congruent",497
"Purple","65,0,190","Low.6","Blue","29,0,226","27,0,228","24,0,231","22,0,233","20,0,235","15,0,240","incongruent",498
"Blue","25,0,230","Low.1","Purple","100,0,155","98,0,157","95,0,160","93,0,162","91,0,164","86,0,169","incongruent",499
"Blue","40,0,215","Low.2","Purple","86,0,169","84,0,171","81,0,174","79,0,176","77,0,178","72,0,183","incongruent",500
"Blue","40,0,215","High.1","Mixed","100,0,155","92,0,163","83,0,172","75,0,180","67,0,188","51,0,204","mixed",501
"Blue","25,0,230","Low.3","Purple","72,0,183","70,0,185","67,0,188","65,0,190","63,0,192","58,0,197","incongruent",502
"Blue","25,0,230","Low.4","Mixed","58,0,197","55,0,200","53,0,202","51,0,204","48,0,207","43,0,212","mixed",503
"Blue","20,0,235","Low.3","Purple","72,0,183","70,0,185","67,0,188","65,0,190","63,0,192","58,0,197","incongruent",504
"Blue","25,0,230","Mid.4","Blue","41,0,214","38,0,217","34,0,221","31,0,224","28,0,227","21,0,234","congruent",505
"Blue","35,0,220","Low.7","Blue","15,0,240","13,0,242","10,0,245","8,0,247","6,0,249","1,0,254","congruent",506
"Blue","40,0,215","Low.6","Blue","29,0,226","27,0,228","24,0,231","22,0,233","20,0,235","15,0,240","congruent",507
"Purple","55,0,200","Low.4","Mixed","58,0,197","55,0,200","53,0,202","51,0,204","48,0,207","43,0,212","mixed",508
"Blue","5,0,250","High.1","Mixed","100,0,155","92,0,163","83,0,172","75,0,180","67,0,188","51,0,204","mixed",509
"Blue","30,0,225","Low.7","Blue","15,0,240","13,0,242","10,0,245","8,0,247","6,0,249","1,0,254","congruent",510
"Blue","40,0,215","Low.4","Mixed","58,0,197","55,0,200","53,0,202","51,0,204","48,0,207","43,0,212","mixed",511
"Blue","45,0,210","Low.6","Blue","29,0,226","27,0,228","24,0,231","22,0,233","20,0,235","15,0,240","congruent",512
"Blue","20,0,235","Low.1","Purple","100,0,155","98,0,157","95,0,160","93,0,162","91,0,164","86,0,169","incongruent",513
"Blue","45,0,210","High.2","Mixed","75,0,180","67,0,188","59,0,196","51,0,204","42,0,213","26,0,229","mixed",514
"Blue","20,0,235","Low.7","Blue","15,0,240","13,0,242","10,0,245","8,0,247","6,0,249","1,0,254","congruent",515
"Purple","65,0,190","Mid.4","Blue","41,0,214","38,0,217","34,0,221","31,0,224","28,0,227","21,0,234","incongruent",516
"Purple","85,0,170","Mid.3","Mixed","60,0,195","57,0,198","54,0,201","51,0,204","47,0,208","41,0,214","mixed",517
"Blue","5,0,250","Mid.1","Purple","100,0,155","97,0,158","93,0,162","90,0,165","87,0,168","80,0,175","incongruent",518
"Purple","85,0,170","Low.7","Blue","15,0,240","13,0,242","10,0,245","8,0,247","6,0,249","1,0,254","incongruent",519
"Purple","55,0,200","Low.1","Purple","100,0,155","98,0,157","95,0,160","93,0,162","91,0,164","86,0,169","congruent",520
"Purple","85,0,170","Low.7","Blue","15,0,240","13,0,242","10,0,245","8,0,247","6,0,249","1,0,254","incongruent",521
"Purple","55,0,200","Low.4","Mixed","58,0,197","55,0,200","53,0,202","51,0,204","48,0,207","43,0,212","mixed",522
"Blue","35,0,220","Low.6","Blue","29,0,226","27,0,228","24,0,231","22,0,233","20,0,235","15,0,240","congruent",523
"Blue","15,0,240","Low.3","Purple","72,0,183","70,0,185","67,0,188","65,0,190","63,0,192","58,0,197","incongruent",524
"Blue","20,0,235","Mid.1","Purple","100,0,155","97,0,158","93,0,162","90,0,165","87,0,168","80,0,175","incongruent",525
"Blue","35,0,220","Mid.3","Mixed","60,0,195","57,0,198","54,0,201","51,0,204","47,0,208","41,0,214","mixed",526
"Purple","85,0,170","High.3","Mixed","51,0,204","42,0,213","34,0,221","26,0,229","17,0,238","1,0,254","mixed",527
"Purple","70,0,185","Low.7","Blue","15,0,240","13,0,242","10,0,245","8,0,247","6,0,249","1,0,254","incongruent",528
"Blue","50,0,205","Low.7","Blue","15,0,240","13,0,242","10,0,245","8,0,247","6,0,249","1,0,254","congruent",529
"Purple","95,0,160","High.2","Mixed","75,0,180","67,0,188","59,0,196","51,0,204","42,0,213","26,0,229","mixed",530
"Blue","1,0,254","Low.7","Blue","15,0,240","13,0,242","10,0,245","8,0,247","6,0,249","1,0,254","congruent",531
"Purple","90,0,165","High.1","Mixed","100,0,155","92,0,163","83,0,172","75,0,180","67,0,188","51,0,204","mixed",532
"Purple","85,0,170","Low.7","Blue","15,0,240","13,0,242","10,0,245","8,0,247","6,0,249","1,0,254","incongruent",533
"Purple","80,0,175","Low.6","Blue","29,0,226","27,0,228","24,0,231","22,0,233","20,0,235","15,0,240","incongruent",534
"Blue","30,0,225","Mid.5","Blue","21,0,234","18,0,237","14,0,241","11,0,244","8,0,247","1,0,254","congruent",535
"Purple","60,0,195","Mid.3","Mixed","60,0,195","57,0,198","54,0,201","51,0,204","47,0,208","41,0,214","mixed",536
"Blue","30,0,225","Mid.4","Blue","41,0,214","38,0,217","34,0,221","31,0,224","28,0,227","21,0,234","congruent",537
"Purple","100,0,155","Mid.1","Purple","100,0,155","97,0,158","93,0,162","90,0,165","87,0,168","80,0,175","congruent",538
"Purple","60,0,195","Low.5","Blue","43,0,212","41,0,214","38,0,217","36,0,219","34,0,221","29,0,226","incongruent",539
"Purple","70,0,185","Low.7","Blue","15,0,240","13,0,242","10,0,245","8,0,247","6,0,249","1,0,254","incongruent",540
"Purple","100,0,155","Low.3","Purple","72,0,183","70,0,185","67,0,188","65,0,190","63,0,192","58,0,197","congruent",541
"Purple","95,0,160","Low.2","Purple","86,0,169","84,0,171","81,0,174","79,0,176","77,0,178","72,0,183","congruent",542
"Purple","90,0,165","Low.1","Purple","100,0,155","98,0,157","95,0,160","93,0,162","91,0,164","86,0,169","congruent",543
"Purple","80,0,175","High.2","Mixed","75,0,180","67,0,188","59,0,196","51,0,204","42,0,213","26,0,229","mixed",544
"Purple","95,0,160","Low.2","Purple","86,0,169","84,0,171","81,0,174","79,0,176","77,0,178","72,0,183","congruent",545
"Blue","5,0,250","High.2","Mixed","75,0,180","67,0,188","59,0,196","51,0,204","42,0,213","26,0,229","mixed",546
"Blue","1,0,254","Low.3","Purple","72,0,183","70,0,185","67,0,188","65,0,190","63,0,192","58,0,197","incongruent",547
"Purple","95,0,160","Mid.5","Blue","21,0,234","18,0,237","14,0,241","11,0,244","8,0,247","1,0,254","incongruent",548
"Blue","25,0,230","High.2","Mixed","75,0,180","67,0,188","59,0,196","51,0,204","42,0,213","26,0,229","mixed",549
"Blue","30,0,225","Mid.5","Blue","21,0,234","18,0,237","14,0,241","11,0,244","8,0,247","1,0,254","congruent",550
"Blue","50,0,205","Low.4","Mixed","58,0,197","55,0,200","53,0,202","51,0,204","48,0,207","43,0,212","mixed",551
"Purple","95,0,160","Mid.5","Blue","21,0,234","18,0,237","14,0,241","11,0,244","8,0,247","1,0,254","incongruent",552
"Purple","75,0,180","Low.5","Blue","43,0,212","41,0,214","38,0,217","36,0,219","34,0,221","29,0,226","incongruent",553
"Purple","100,0,155","Mid.1","Purple","100,0,155","97,0,158","93,0,162","90,0,165","87,0,168","80,0,175","congruent",554
"Purple","90,0,165","Mid.4","Blue","41,0,214","38,0,217","34,0,221","31,0,224","28,0,227","21,0,234","incongruent",555
"Purple","65,0,190","Mid.4","Blue","41,0,214","38,0,217","34,0,221","31,0,224","28,0,227","21,0,234","incongruent",556
"Purple","90,0,165","Low.1","Purple","100,0,155","98,0,157","95,0,160","93,0,162","91,0,164","86,0,169","congruent",557
"Blue","50,0,205","Mid.1","Purple","100,0,155","97,0,158","93,0,162","90,0,165","87,0,168","80,0,175","incongruent",558
"Blue","15,0,240","High.1","Mixed","100,0,155","92,0,163","83,0,172","75,0,180","67,0,188","51,0,204","mixed",559
"Blue","5,0,250","Low.5","Blue","43,0,212","41,0,214","38,0,217","36,0,219","34,0,221","29,0,226","congruent",560
"Purple","100,0,155","Low.3","Purple","72,0,183","70,0,185","67,0,188","65,0,190","63,0,192","58,0,197","congruent",561
"Blue","20,0,235","High.1","Mixed","100,0,155","92,0,163","83,0,172","75,0,180","67,0,188","51,0,204","mixed",562
"Purple","65,0,190","Low.3","Purple","72,0,183","70,0,185","67,0,188","65,0,190","63,0,192","58,0,197","congruent",563
"Purple","100,0,155","High.3","Mixed","51,0,204","42,0,213","34,0,221","26,0,229","17,0,238","1,0,254","mixed",564
"Purple","95,0,160","High.2","Mixed","75,0,180","67,0,188","59,0,196","51,0,204","42,0,213","26,0,229","mixed",565
"Purple","90,0,165","High.1","Mixed","100,0,155","92,0,163","83,0,172","75,0,180","67,0,188","51,0,204","mixed",566
"Blue","15,0,240","High.3","Mixed","51,0,204","42,0,213","34,0,221","26,0,229","17,0,238","1,0,254","mixed",567
"Blue","10,0,245","Mid.5","Blue","21,0,234","18,0,237","14,0,241","11,0,244","8,0,247","1,0,254","congruent",568
"Blue","20,0,235","Low.7","Blue","15,0,240","13,0,242","10,0,245","8,0,247","6,0,249","1,0,254","congruent",569
"Purple","85,0,170","Mid.3","Mixed","60,0,195","57,0,198","54,0,201","51,0,204","47,0,208","41,0,214","mixed",570
"Purple","95,0,160","Mid.5","Blue","21,0,234","18,0,237","14,0,241","11,0,244","8,0,247","1,0,254","incongruent",571
"Purple","60,0,195","Low.2","Purple","86,0,169","84,0,171","81,0,174","79,0,176","77,0,178","72,0,183","congruent",572
"Blue","25,0,230","Mid.4","Blue","41,0,214","38,0,217","34,0,221","31,0,224","28,0,227","21,0,234","congruent",573
"Blue","15,0,240","Low.2","Purple","86,0,169","84,0,171","81,0,174","79,0,176","77,0,178","72,0,183","incongruent",574
"Blue","30,0,225","High.1","Mixed","100,0,155","92,0,163","83,0,172","75,0,180","67,0,188","51,0,204","mixed",575
"Blue","10,0,245","Low.1","Purple","100,0,155","98,0,157","95,0,160","93,0,162","91,0,164","86,0,169","incongruent",576
"Blue","35,0,220","Mid.2","Purple","80,0,175","77,0,178","73,0,182","70,0,185","67,0,188","60,0,195","incongruent",577
"Blue","20,0,235","Mid.4","Blue","41,0,214","38,0,217","34,0,221","31,0,224","28,0,227","21,0,234","congruent",578
"Blue","45,0,210","Low.2","Purple","86,0,169","84,0,171","81,0,174","79,0,176","77,0,178","72,0,183","incongruent",579
"Purple","95,0,160","High.2","Mixed","75,0,180","67,0,188","59,0,196","51,0,204","42,0,213","26,0,229","mixed",580
"Blue","30,0,225","Low.1","Purple","100,0,155","98,0,157","95,0,160","93,0,162","91,0,164","86,0,169","incongruent",581
"Purple","70,0,185","Mid.5","Blue","21,0,234","18,0,237","14,0,241","11,0,244","8,0,247","1,0,254","incongruent",582
"Purple","85,0,170","High.3","Mixed","51,0,204","42,0,213","34,0,221","26,0,229","17,0,238","1,0,254","mixed",583
"Blue","5,0,250","Low.5","Blue","43,0,212","41,0,214","38,0,217","36,0,219","34,0,221","29,0,226","congruent",584
"Purple","65,0,190","Mid.4","Blue","41,0,214","38,0,217","34,0,221","31,0,224","28,0,227","21,0,234","incongruent",585
"Blue","10,0,245","Low.2","Purple","86,0,169","84,0,171","81,0,174","79,0,176","77,0,178","72,0,183","incongruent",586
"Blue","20,0,235","Mid.2","Purple","80,0,175","77,0,178","73,0,182","70,0,185","67,0,188","60,0,195","incongruent",587
"Purple","80,0,175","High.2","Mixed","75,0,180","67,0,188","59,0,196","51,0,204","42,0,213","26,0,229","mixed",588
"Blue","20,0,235","Low.3","Purple","72,0,183","70,0,185","67,0,188","65,0,190","63,0,192","58,0,197","incongruent",589
"Purple","85,0,170","Mid.3","Mixed","60,0,195","57,0,198","54,0,201","51,0,204","47,0,208","41,0,214","mixed",590
"Blue","50,0,205","Low.5","Blue","43,0,212","41,0,214","38,0,217","36,0,219","34,0,221","29,0,226","congruent",591
"Blue","10,0,245","High.2","Mixed","75,0,180","67,0,188","59,0,196","51,0,204","42,0,213","26,0,229","mixed",592
"Purple","80,0,175","Mid.2","Purple","80,0,175","77,0,178","73,0,182","70,0,185","67,0,188","60,0,195","congruent",593
"Purple","80,0,175","Mid.2","Purple","80,0,175","77,0,178","73,0,182","70,0,185","67,0,188","60,0,195","congruent",594
"Blue","45,0,210","Low.7","Blue","15,0,240","13,0,242","10,0,245","8,0,247","6,0,249","1,0,254","congruent",595
"Purple","75,0,180","High.1","Mixed","100,0,155","92,0,163","83,0,172","75,0,180","67,0,188","51,0,204","mixed",596
"Purple","55,0,200","Low.4","Mixed","58,0,197","55,0,200","53,0,202","51,0,204","48,0,207","43,0,212","mixed",597
"Blue","35,0,220","Mid.1","Purple","100,0,155","97,0,158","93,0,162","90,0,165","87,0,168","80,0,175","incongruent",598
"Blue","40,0,215","Mid.1","Purple","100,0,155","97,0,158","93,0,162","90,0,165","87,0,168","80,0,175","incongruent",599
"Blue","1,0,254","Low.5","Blue","43,0,212","41,0,214","38,0,217","36,0,219","34,0,221","29,0,226","congruent",600
"Blue","30,0,225","Low.1","Purple","100,0,155","98,0,157","95,0,160","93,0,162","91,0,164","86,0,169","incongruent",601
"Blue","25,0,230","Mid.5","Blue","21,0,234","18,0,237","14,0,241","11,0,244","8,0,247","1,0,254","congruent",602
"Purple","55,0,200","Low.4","Mixed","58,0,197","55,0,200","53,0,202","51,0,204","48,0,207","43,0,212","mixed",603
"Purple","70,0,185","Low.7","Blue","15,0,240","13,0,242","10,0,245","8,0,247","6,0,249","1,0,254","incongruent",604
"Purple","80,0,175","Mid.2","Purple","80,0,175","77,0,178","73,0,182","70,0,185","67,0,188","60,0,195","congruent",605
"Blue","30,0,225","Mid.4","Blue","41,0,214","38,0,217","34,0,221","31,0,224","28,0,227","21,0,234","congruent",606
"Blue","20,0,235","High.2","Mixed","75,0,180","67,0,188","59,0,196","51,0,204","42,0,213","26,0,229","mixed",607
"Blue","5,0,250","Low.3","Purple","72,0,183","70,0,185","67,0,188","65,0,190","63,0,192","58,0,197","incongruent",608
"Purple","95,0,160","High.2","Mixed","75,0,180","67,0,188","59,0,196","51,0,204","42,0,213","26,0,229","mixed",609
"Blue","15,0,240","Low.5","Blue","43,0,212","41,0,214","38,0,217","36,0,219","34,0,221","29,0,226","congruent",610
"Blue","40,0,215","Low.5","Blue","43,0,212","41,0,214","38,0,217","36,0,219","34,0,221","29,0,226","congruent",611
"Purple","80,0,175","Mid.2","Purple","80,0,175","77,0,178","73,0,182","70,0,185","67,0,188","60,0,195","congruent",612
"Purple","85,0,170","Mid.3","Mixed","60,0,195","57,0,198","54,0,201","51,0,204","47,0,208","41,0,214","mixed",613
"Purple","65,0,190","Mid.4","Blue","41,0,214","38,0,217","34,0,221","31,0,224","28,0,227","21,0,234","incongruent",614
"Blue","50,0,205","Low.5","Blue","43,0,212","41,0,214","38,0,217","36,0,219","34,0,221","29,0,226","congruent",615
"Blue","45,0,210","Mid.2","Purple","80,0,175","77,0,178","73,0,182","70,0,185","67,0,188","60,0,195","incongruent",616
"Blue","45,0,210","Mid.3","Mixed","60,0,195","57,0,198","54,0,201","51,0,204","47,0,208","41,0,214","mixed",617
"Blue","40,0,215","High.2","Mixed","75,0,180","67,0,188","59,0,196","51,0,204","42,0,213","26,0,229","mixed",618
"Blue","25,0,230","Low.4","Mixed","58,0,197","55,0,200","53,0,202","51,0,204","48,0,207","43,0,212","mixed",619
"Blue","25,0,230","Low.6","Blue","29,0,226","27,0,228","24,0,231","22,0,233","20,0,235","15,0,240","congruent",620
"Blue","1,0,254","Mid.4","Blue","41,0,214","38,0,217","34,0,221","31,0,224","28,0,227","21,0,234","congruent",621
"Purple","75,0,180","Mid.1","Purple","100,0,155","97,0,158","93,0,162","90,0,165","87,0,168","80,0,175","congruent",622
"Purple","60,0,195","Low.2","Purple","86,0,169","84,0,171","81,0,174","79,0,176","77,0,178","72,0,183","congruent",623
"Blue","30,0,225","Mid.3","Mixed","60,0,195","57,0,198","54,0,201","51,0,204","47,0,208","41,0,214","mixed",624
"Purple","90,0,165","Low.1","Purple","100,0,155","98,0,157","95,0,160","93,0,162","91,0,164","86,0,169","congruent",625
"Purple","55,0,200","Low.4","Mixed","58,0,197","55,0,200","53,0,202","51,0,204","48,0,207","43,0,212","mixed",626
"Purple","65,0,190","Low.3","Purple","72,0,183","70,0,185","67,0,188","65,0,190","63,0,192","58,0,197","congruent",627
"Blue","1,0,254","Mid.5","Blue","21,0,234","18,0,237","14,0,241","11,0,244","8,0,247","1,0,254","congruent",628
"Purple","85,0,170","High.3","Mixed","51,0,204","42,0,213","34,0,221","26,0,229","17,0,238","1,0,254","mixed",629
"Blue","45,0,210","Low.2","Purple","86,0,169","84,0,171","81,0,174","79,0,176","77,0,178","72,0,183","incongruent",630
